Time/BA(s);RefinedPose;ConstPose;IgnoredPose;RefinedPts;ConstPts;IgnoredPts;RefinedK;ConstK;IgnoredK;ResidualBlocks;SuccessIteration;BadIteration;InitRMSE;FinalRMSE;d=-1;d=0;d=1;d=2;d=3;d=4;d=5;d=6;d=7;d=8;d=9;d=10+;
0.0109896;2;0;0;220;0;0;0;1;0;440;4;0;0.295844;0.259276;0;0;0;0;0;0;0;0;0;0;0;0;
0.0242992;3;0;0;395;0;0;1;0;0;790;24;0;0.629653;0.271244;0;0;0;0;0;0;0;0;0;0;0;0;
0.0259672;4;0;0;538;0;0;1;0;0;1076;17;0;0.568161;0.356485;0;0;0;0;0;0;0;0;0;0;0;0;
0.082688;5;0;0;619;0;0;1;0;0;1238;51;0;0.501115;0.366746;0;0;0;0;0;0;0;0;0;0;0;0;
0.0116308;6;0;0;718;0;0;1;0;0;1436;6;0;0.431764;0.347795;0;0;0;0;0;0;0;0;0;0;0;0;
